2025-05-25 20:21,today m feeling so elated,ğŸ˜ Neutral
2025-05-25 20:21,"its was a beautiful day
",ğŸ˜ Neutral
2025-05-25 20:21,so goood,ğŸ˜ Neutral
2025-05-25 20:22,i had a great day m so thankful,ğŸ˜Š Happy
2025-05-25 20:23,so painful day,ğŸ˜ Neutral
2025-05-25 20:23,so sad ,ğŸ˜” Sad
2025-05-25 20:23,so intrussive day,ğŸ˜ Neutral
2025-05-25 20:23,so much worrk,ğŸ˜ Neutral
2025-05-25 20:33,today m feeling excited,ğŸ˜Š Happy
2025-05-25 20:33,today m sad and a little upset ,ğŸ˜” Sad
2025-05-25 20:36,today m feeling so happy ,ğŸ˜Š Happy
2025-05-25 20:36,m feeling sad and guilty today,ğŸ˜” Sad
2025-05-25 20:36,my boss made me angry,ğŸ˜  Angry
2025-05-25 20:37,i m grateful to have u ,ğŸ˜ Loved
2025-05-25 20:37,today was a normal day,ğŸ˜ Neutral
2025-05-25 20:39,today m feeling so excited,ğŸ˜Š Happy
2025-05-25 20:39,it was a frustating day and m feeling upset,ğŸ˜” Sad
2025-05-25 20:39,you are now annoying me ,ğŸ˜ Neutral
2025-05-25 20:41,today m feeling so excited,ğŸ˜Š Happy
2025-05-25 20:42,m a little upset today,ğŸ˜” Sad
2025-05-25 20:42,my boss made me a little annoyed,ğŸ˜  Angry
2025-05-25 20:42,m so grateful that i have a friend like u,ğŸ˜ Loved
2025-05-25 20:44,today m feeling so excited,ğŸ˜Š Happy
2025-05-25 20:44,m a little upset ,ğŸ˜” Sad
2025-05-25 20:44,boss made me angry,ğŸ˜  Angry
2025-05-25 20:44,m so grateful to have a friend like u ,ğŸ˜ Loved
